image,sender_id,label,kids
3c36bf48-07a3-4352-84a4-27f3cd71e22d,216,Longsleeve,True
78043895-d366-406a-a5a2-18d865e87ada,291,Pants,False
0406b620-a3a1-4de2-8b4d-747c8bcbd57a,302,T-Shirt,False
fe69a500-595a-4152-856a-5c4e537f8507,174,Dress,False
53733341-2303-43a1-a402-7a6823314f4c,322,Longsleeve,False
0a86d893-93f1-4a52-8c42-07bb9f439833,204,Outwear,False
1f971462-0ad3-45ff-b99d-c3d147eda46f,204,Shoes,False
10cb59c5-1b8d-487a-820f-bb7caa7d8a80,332,Shirt,False
5ee53ada-dcce-4c0a-ba69-d0e8881985e3,274,Hat,False
df6ce283-f168-47a8-913a-44da9867c788,204,Shirt,False
cc979fcf-255c-4c29-af84-573de34e8676,361,Longsleeve,False
d0fcfc1e-b1ae-43c9-ac0b-c4f65467756e,291,Pants,False
594f21c3-76f2-47e6-bb94-9975a455742a,38,Pants,False
2c116a8a-43d0-4e46-a7c9-f6bd47def3e0,204,Shoes,False
8648f194-9723-4c15-987f-5f462835ba56,41,Longsleeve,False
35707ebd-0264-4bbf-b5f2-a33c5c4bff4d,366,Shoes,False
97b8573c-5914-4d80-904e-72792083049b,204,Shorts,False
0bacb2c4-3d90-4835-b23e-aa7c2284d1bc,210,Shoes,False
2c54ae46-0d68-4bca-a225-bbef7b34b640,168,Pants,False
02eb668a-0d6d-46df-8e1a-06457ac14b4a,322,Shirt,False
bbd52702-8038-4658-bcab-d6ee6586dd01,227,Shoes,False
e73c67c9-50cb-4e1e-82b1-1ff6e78b2846,181,Pants,False
bc9f281c-c89c-4655-99dd-585cb1c8b6cc,262,Pants,False
f5436cdd-1731-4644-89bd-ffddcacb498b,322,Not sure,False
b47ca626-8848-43e5-9b9a-70217872523f,48,Dress,False
3dbf757d-e18b-46b9-a136-2f044a99564e,367,Hat,True
8f865a22-2ee6-4497-8231-f88da469d701,181,Shorts,False
f4323b73-1faa-4ca8-8adc-8452dbc116d3,248,T-Shirt,False
c0486dbc-10b1-420f-8ad7-01f892ca3abf,181,Not sure,False
0acef3a8-51f3-42ce-8842-10e4898c0a0f,48,T-Shirt,False
1ef9945d-0934-4b5e-bfc2-1d11dfea181c,204,Shorts,False
9769d8bd-28f6-45e1-9e9f-411b71e54711,238,T-Shirt,False
cea1326b-5c4b-4cbb-bb74-cd4c8a2666ef,35,Dress,False
5f838a1c-6ab5-4629-a7cb-4a4755d408bb,204,Shoes,False
a5e4efe1-e068-4e88-abcc-ce7779c004ea,204,Not sure,False
14134251-ecd3-48a9-add2-da7c35961c6e,290,Shorts,False
68477f32-78c7-4280-a75c-d43c9c952176,307,Shoes,False
dd56586c-e409-45b3-be62-6bd3d1bb6203,204,Longsleeve,False
39d92542-ffcb-4b3b-896f-d158eccf8172,153,Shoes,False
2074bc3b-b374-4fc6-b520-83dd51b98976,135,Dress,False
fe85d21f-4ccf-41fd-b54d-5bc6ee0b0eec,46,Shorts,False
0dd87e47-ca85-4d5c-9fd1-59f5a01eb656,227,Shoes,False
cbfb5bb7-3b89-4976-9a8b-f7601f851d39,72,Outwear,False
b7883a04-4a25-47f0-b470-4ab70d3dd58d,204,Shoes,False
ab6e4284-72c8-42a6-af7d-76a97b5ce23f,310,Outwear,False
b3636f9b-1219-4315-91ca-ca998675e262,181,Outwear,False
a3e5af58-cc70-48b8-85f7-cd160ba95968,294,Shoes,False
66807c84-da44-4af2-b9be-3848a52a7073,201,Hat,False
5bb088ac-ea91-419b-851e-1b04b7ce57db,322,Shoes,False
99df5351-ca44-4291-9fc6-844993b24280,262,Shoes,False
78d2f207-515d-4252-83df-7a3a4fe179cf,41,Longsleeve,False
7fc78f14-68ad-4daa-ad8d-5e016016c680,8,Dress,False
1bcf8cc6-9d6e-49d6-ab17-6b6bb795eadb,48,Shorts,False
2b3113c3-d37d-47f5-a784-20fb12228365,201,Hat,True
55e62577-999d-4aa5-9372-cdf4cd4623d0,204,Shoes,False
6072c8c3-88ed-4f70-85df-3d1ffa6b2e83,50,Longsleeve,False
9f9a7f2e-11a1-4812-9fa4-d0a5892182aa,204,Outwear,False
5c9b07a9-ca5a-4086-92a2-4f6a1d83f5bb,322,Longsleeve,False
a1190e56-0e53-41e3-ad16-a63575173747,48,Dress,False
5923677d-f3c1-461a-9e77-73858ad2dcbe,60,Shoes,False
5d967f14-724a-4f6a-ae2b-f34287c85ce0,37,Not sure,False
51bdf9e1-6ff4-46fe-9051-2821fff88f85,267,Dress,False
eb21f945-1035-463d-bd48-35b62d2cf288,166,Longsleeve,False
a17ff9a9-d8ef-4a86-bed8-40c0a7fc7b7f,48,Not sure,False
55642545-7055-4b8b-aa89-a2cf4233016e,8,Longsleeve,False
1417c271-ce40-40b7-bee1-32344bab6f16,164,Shorts,False
badd4191-04b8-478f-bb92-83e4cdb67edb,204,Shorts,False
01420fed-89b3-4801-9d91-af5507322fa3,181,Outwear,False
fae00db0-b571-4947-8a6a-ad7edb132a75,181,Hat,False
361ad3bb-6814-4924-8144-dbb0d65214c7,181,Longsleeve,False
2dfbea36-6802-473c-b948-60a1e6181534,51,Shoes,False
b6787ea7-4419-484d-b335-22584c375c8a,92,Not sure,False
d23719ca-4890-48f7-8cc2-3477c047cf6e,181,Not sure,False
6e857a40-68f4-471f-a19d-1b787f1f52bf,125,Longsleeve,False
0b5f7f85-fa44-4406-91ed-6b730e4b6fa1,211,Dress,False
f315fe31-fa7a-4c1d-a461-3e67ffe6f981,310,Outwear,False
b6899eaa-fe32-4547-9217-05bbcb09c217,154,Hat,False
d116fe9a-a72b-49e2-806d-e92f3a67a032,204,Hat,False
14c2f75c-458b-49cc-b3c7-5d4c30d416a7,322,Longsleeve,False
12f9e1b9-6ef2-4d56-b91f-4a068a6e1a96,164,Outwear,False
d58aed7a-6edc-4edf-abd0-f7d62f97ddb0,260,Shirt,False
38e03d31-8068-4d73-82ac-c66334f907a5,181,Pants,False
cb2533ac-c01d-4efc-bf0d-64894a088b11,322,Not sure,False
55a561e4-f3da-4596-b5f4-ffbbebf97f3b,204,Shirt,False
2beabf58-5224-41ea-80d7-bd9b0cb3cac6,181,Shorts,False
668afec1-96d0-4080-8b98-77096adaa5f8,48,Longsleeve,False
c8eecf0d-be29-41b5-8066-c36c2caf5be6,204,Outwear,False
65f56e85-fda3-4f9d-a88f-15ae9739ff1a,181,Hat,False
c23545ad-1b46-478f-b6b8-d37eaea6a5e1,204,Shirt,False
bdec999d-41df-420c-923a-8fed2a9d040b,322,T-Shirt,False
51be3a3b-a726-40b0-8432-da7aea1f67e1,267,Outwear,True
14d9f39c-48f5-4da6-bea4-b9f8b94633ed,138,Hat,False
7260d25c-a1ca-4b3f-a6d5-d9e8b3a69d34,122,Hat,True
19f02195-3724-420c-b431-5bb39b65e527,351,T-Shirt,False
b63b4282-9892-4994-97f4-27452af0f034,46,Longsleeve,False
30a55a1b-8e00-4df0-afcc-7ea3992db85d,181,Hat,False
f6a15b04-b0f2-48fd-9179-7e6b0e409291,267,Not sure,False
74530f6e-302d-440c-843c-ac1aad9d57be,5,Hat,False
6c2f3d48-8f30-487e-9244-ba65c5110a8d,41,Not sure,False
1bc063bc-1bc0-44b7-905e-d4e5f83b9071,274,Dress,True
1d8b7b5c-4657-4ed2-9d83-4a7ccac544f0,322,Not sure,False
13a17d51-3560-445c-8802-8749fcf27ed7,181,Hat,False
a0ef5ecc-7dd8-4dab-947d-dc978c127d94,181,Not sure,False
1e0a7310-b177-4eb5-afa4-757f2d9d55f2,260,Not sure,False
66a24970-4dc1-4033-b026-c873ef374baa,160,Shorts,False
7ed099ea-7a28-4b95-97a5-aac86e19cdbd,154,Hat,False
6c02ba6f-ca72-4b8c-b7c4-a2fb0c14bfb5,204,Pants,False
c941340b-3bc1-4869-825c-302f33d1ebab,211,Shorts,False
ab8b393f-f1e4-4d80-8d36-b213efa3b897,368,Hat,False
ec57ef81-f09d-423d-ab18-5fc08803737b,260,T-Shirt,False
c943efe8-e89e-45be-8698-d4ecef104e86,181,Not sure,False
d7e1beb5-c1eb-41e9-8bf0-242ecf2e04e4,181,Outwear,False
672924da-6d6a-422c-907d-2b5ba69b0ea7,204,Shoes,False
e3f59ab5-daa0-4acf-a114-c6fae6afef56,110,Shirt,False
d68db0de-f19c-409f-a1d2-11beba864afb,37,Shoes,False
6050dd9d-c65c-4c57-9b07-00328b8aace3,262,Shirt,False
4c60802b-fe0c-4cc8-a36e-0c6bde058bea,287,Dress,False
26fca408-4412-466b-972a-3a160051534a,215,Hat,False
44b0c5e7-5174-421b-959c-720483509d5e,135,Longsleeve,False
f7ec7363-f6d2-4f6e-b99c-7f1656e49eef,352,Dress,True
2e085c89-10fe-4a55-92fe-23acdb6d9990,204,Not sure,False
4633e114-a0cd-4076-b5e1-2fce81748dd1,181,Outwear,True
16e59add-f4dc-42ed-9d0b-117b82ade746,47,T-Shirt,False
72b715fb-66f8-4b51-8ace-1ac211e47a10,295,Not sure,False
eb9759ae-a502-438c-b302-3c26761fe921,75,Hat,False
6bef3bd4-ba87-4937-a3df-6cd3de11b7af,166,Longsleeve,True
372787ed-7a3c-42b5-87b9-91c28567eb72,181,Shorts,False
a21a0c36-6e58-4419-8139-8346e3635c6b,215,T-Shirt,False
9e4d4f1b-70f1-4063-84f5-a04afcedcd5d,50,Pants,False
b1ab5c71-a596-487a-bd92-91144c4fb7c6,260,T-Shirt,False
3f50fdef-ce2c-4409-b2a1-92497179f86f,181,Hat,False
1c3deae2-1e34-4b42-b4e2-4932937481a9,116,Shirt,False
22e20d3c-bcb1-4941-8287-01ee6297f62f,323,Shorts,False
1b00c860-4121-475e-8991-a26247be3145,282,Shirt,False
52242d70-6914-4819-94cd-844e380ffbcb,313,Shirt,False
618876ca-630c-4eb4-98ca-07c60124ef54,260,Dress,False
ef6be172-3598-490a-9ed2-26babf14c0fe,303,Outwear,False
b9629b5a-e7c6-447d-832b-e4548e728744,288,Pants,True
300a4125-acec-46aa-b0b9-68b4b2142c70,204,Shorts,False
00d94e21-5891-492e-be0e-792e7338c077,181,Hat,False
522cf1b9-f25b-4e6f-81b4-787bbe1d28ce,198,Pants,False
32bc2243-4812-4759-8ab0-828370114429,45,Not sure,False
4cdf0860-1969-43db-9d4e-b255158c8fa0,45,Pants,False
c1d0e41f-8144-46d0-b9af-9372e2115b66,226,T-Shirt,True
368ef683-0c8c-4ba1-a73b-d784b851165a,204,Longsleeve,False
5788a947-0f7e-4bd5-9382-a1f65f3e25f5,127,Shorts,False
62903846-8657-43fb-86a7-849d78cc73e1,204,Outwear,False
f0759fd0-0102-4019-a4f2-eaf956e89e8f,150,T-Shirt,False
e871c8b7-723e-47c3-9714-b6821269ff2a,200,Hat,False
dbc857c3-c31a-433a-b6a1-e40bdf02dcb8,236,T-Shirt,False
75eacbac-ea83-4dd2-8d3e-18954399fc69,181,Hat,False
1f2c3551-4c76-433e-8c9f-8093b94f02bf,204,Longsleeve,False
b6661384-0c79-4979-ba83-dc74282e4dad,181,Outwear,False
cc8316bf-7f34-469f-8998-e637f3146524,330,Outwear,False
2329e4c9-1172-4379-94de-091621a56a40,204,Shoes,False
77c8b292-eb18-4348-98fe-e722bb500c79,82,Shorts,True
c59318e0-8cb9-429a-bdc8-a3843a59d755,204,Shoes,False
fb3f29fb-ae30-41a5-84cd-c1e3ccad0307,260,T-Shirt,False
0e20abb0-d56a-4f83-b254-9db70fb92794,322,Longsleeve,False
5f983364-29a4-48f5-8f25-1dd4f220b3ed,267,Outwear,False
e3229e00-607a-4172-86b0-7205ac0c15fa,204,Pants,False
9b3b255d-4c33-4164-b0bf-44f24331bf99,348,Not sure,False
8f945c82-4d26-4c26-a525-bd785b7d73c9,126,Shoes,False
184b54b9-94f1-41c6-9aeb-64efa09a4720,116,Pants,False
ffa2be27-0798-488d-b9de-254de2226667,204,T-Shirt,False
05335484-2b62-4a91-aa34-373f8f75c6d5,15,Shirt,False
739d3866-32f4-4768-85ef-6718346c2175,322,Not sure,False
3efe0827-6f77-4fa1-9acf-8c7c830bbaa0,262,T-Shirt,False
2abc4569-7d77-4fb3-af8c-cab6421b5cf9,48,Longsleeve,False
6b7d9cb6-9096-4c45-8579-d2d8eb262839,164,Shirt,False
0a904aee-7ee6-41db-bb7f-97e991c6a994,312,Not sure,True
65b69c94-7b60-4fba-8bff-52b50da9eb40,204,Not sure,False
e6471480-4f8e-4b53-ae92-9bab2e477571,41,Not sure,False
5e6fbee0-4783-4744-a6ba-e37a56e7d347,181,Hat,False
9880392c-6e7f-43c9-b975-9962aa4f4f4f,368,Shorts,False
d9cf6f6d-820e-4ec9-a5ad-4be0e2df3976,294,Shoes,False
2744c41a-24e4-4023-ba01-d2123de33a63,211,Shorts,False
6f204610-7dce-4323-b1a2-f289a961f1de,310,Longsleeve,False
465dfe7b-d7d7-4a9a-b3e1-0b378f9f68c9,46,Outwear,True
cc0d271d-0cc4-4673-b3a2-6c5506f8a4dd,297,Pants,False
424d3d78-1b2d-44d7-9a94-2969d4cfdf7c,310,Shirt,False
fa5fe172-a5b0-465a-bf25-7e22e7af43cf,232,Shoes,False
792fbbb4-b383-45ba-9e96-ffb11f1d00a9,0,Outwear,True
d46ac56e-a5aa-4960-9b01-a072ad89a372,61,Pants,False
b1cdebb9-7c51-442e-9ae6-4adba2ea7e0a,204,Shoes,False
66d29c71-268b-45b8-9ee9-67b280d5f52e,204,Outwear,False
127708b5-72ad-4793-9512-3d33427459bb,82,Hat,False
18d2f018-1094-44f5-b047-e03518ac12c6,267,Longsleeve,False
ecd45864-ec3c-4193-90c4-2bc4b3a38eb1,204,Shoes,False
2c174a24-c95f-4c2d-9a42-64112df99dbe,310,Not sure,False
c287c715-21bb-420c-ad4d-128d2dd3078d,33,Shoes,False
39f48611-8f45-4c3d-956f-03490892aaa9,116,T-Shirt,False
69f40819-af7e-43f5-a4ea-87ebdc384305,50,Shorts,False
927f499a-882b-4e86-82c4-bfd394c01fcf,204,Shorts,False
f9712e54-9a7b-4e96-b99a-c43d2832a0e5,96,Shoes,False
89b42f12-419a-423f-99af-4eac74113d06,61,T-Shirt,True
b3fb1dd4-6bfa-4688-ab2d-2f41ffb3d276,88,Longsleeve,False
4e2691ca-7916-4f64-9ab3-03519280d93e,204,Outwear,False
c313f8f9-82ab-4b99-a30a-c9c1f9d0c33d,204,Pants,False
d34f9226-9481-48c9-bae8-46642a640560,204,Shoes,False
8dcd8c2d-e44b-445b-b026-653d7e6918b8,140,Dress,False
978a4a14-bd05-493a-af69-fc916a597bbe,181,Outwear,False
7bfaa9c2-d467-4627-9ff4-233075aa65d4,154,Hat,False
e58486f9-995e-425a-92e0-f3f84c075f75,181,Hat,False
fe177283-e19e-479e-a495-fdd3a477bd4a,293,Shoes,False
f53c2e58-848e-4185-98f8-e0bb416f1d42,262,Shorts,False
4b926895-49f6-4a54-b2f8-666f0643bf71,127,T-Shirt,False
5e01f1b8-4672-4a29-85c2-63d7e76c5056,41,Longsleeve,False
eb93406f-20f2-4840-84e0-aa9febfb2580,124,Dress,False
02ef828a-a7d5-4475-bf44-3907b3a977ff,166,T-Shirt,False
3f0123ba-6933-4d5a-b9d0-01cd913bce09,8,T-Shirt,False
6505e289-1236-4675-8430-ebcc52fe4ca6,8,Shorts,False
51f52902-2209-4e89-a0a5-0b8d01572d28,56,Hat,False
189a94de-6df7-4723-993c-c0c4054f1624,322,Shoes,False
2778a301-1f5d-4e64-8b03-f0072c03a47b,46,Not sure,False
ea4fad11-8486-4ecc-b62a-9edebab31001,48,Dress,False
6d8a4334-7ebc-4f7d-88b5-45027c655b20,322,Not sure,False
09ffb7d6-3045-4d5a-8f4b-f0e4738fa960,266,T-Shirt,False
a3b71c32-55e7-490a-a369-335880c52480,204,Not sure,False
1d407629-87e5-4702-b9fc-e3b19de93570,262,Pants,False
7e13df93-8a2f-40ce-b744-b87893350e85,181,Not sure,False
70b7155d-0a71-4d47-a270-29be523d8800,204,Hat,False
824224ea-df38-446b-a01e-ca078906bb93,41,Pants,False
1dbe9268-758f-4cd4-8f42-58b40ef4bb74,291,Shorts,False
b0c6e135-cb26-4d3e-8571-fbf0f8df3f20,48,Shirt,False
ccd1260f-6b30-4ee1-8892-5b2dd999623c,181,Outwear,False
e42d03be-f7f7-4540-813a-8f24a2e5d666,48,Shirt,False
02fc081e-5598-424e-9ab7-fc92eba1cda3,322,Shorts,False
863d71c4-ce11-4223-acef-8333700878fb,310,Shorts,False
b753b0b3-2a6b-4061-8a33-eee3a132a35d,45,Pants,False
dcac755b-81c6-49fe-991c-2337fa3901a0,128,T-Shirt,False
c399e385-258a-465c-95d1-ba216c16d7d1,204,Hat,False
feb9c05f-55c1-465f-9b13-3c933302a91c,267,Shoes,False
c0759ffd-48a4-439e-9bf1-436df50d828e,181,Not sure,False
7b016eb0-ff0d-4d43-8fff-008cb02f050c,204,T-Shirt,False
6c5ce8a8-6960-4b64-b357-36a9399ce146,181,Pants,False
5795a645-45b8-423a-887a-f8af020fa08d,187,Pants,False
b5c9449f-f1fe-4b81-a247-329145b6c277,8,Dress,False
81c0df9d-d061-4cb2-9376-c18ec9bba92c,74,Pants,True
ea3e5f1b-6987-4b1e-88f9-03659eba4dc7,256,T-Shirt,False
164d4bdf-eebb-4281-a846-9adb3174fe1c,204,Hat,False
d9afe9d4-8bb3-4449-9e4b-85fcf030ba1b,46,Dress,False
bcc1aec3-9913-4a2d-b6a0-8f4d97e58b0c,204,Hat,False
4bf0c9ac-a79b-45ad-96ba-bb354b85274a,348,Longsleeve,False
9a858530-6e0d-4bf0-8900-42055c64ddaf,190,Pants,False
35e0e4a4-8f48-460f-b6ce-d87e94dd267b,286,Outwear,True
ee5607f2-750d-4230-a1d0-fc75d092fdb9,260,T-Shirt,False
66be9cc9-85c2-4dc4-8d23-ae9ae399bbb1,291,Pants,False
72512c3a-98b8-46e9-bdd6-60ef4261f325,267,Dress,False
07b616c7-1ac6-48ea-8517-f0bc8d4ad4ec,201,Pants,True
f76c2db9-9d37-4116-98d9-e3a94e5af08a,48,Not sure,False
5dd38f14-8fcc-415c-a07f-6712df46ac4c,181,Hat,False
a328ad16-d972-4e83-baa0-442cd0b0daea,228,Pants,False
ea0cfac2-165d-45ab-a87d-b34b7b1bdf87,260,Shirt,False
e454baf3-5081-42fe-a145-e244e9a5edd2,267,Shoes,False
5dcbc199-7569-4a58-be18-f288007302e9,50,T-Shirt,False
f4ab8ee7-6d11-409c-9c81-1a8912cd7b3a,45,Outwear,False
a04c4d5b-cfca-4f3f-8db7-a2c6f07bd6ec,260,Shirt,False
56fda6ba-1ee9-4f97-a0fd-55f01f1e2512,204,Shorts,False
c32f219d-291e-4adf-bf67-a2e186be0826,50,Pants,False
49ea2ac9-8c8b-4758-b903-6a26cd41ca2d,204,Pants,False
a1725635-3d95-4fd5-854f-b685edf504aa,244,Hat,False
254f2632-473f-419d-b3f6-ed3d80d99110,181,Not sure,False
93f360fb-e0fe-4052-8ab2-fe37c44dc9c1,260,Shirt,False
bb336291-dc5d-442d-91f8-fcdf6cd258a4,204,Pants,False
fff22e21-1b3a-474a-861d-51a92bab6cc0,41,Pants,False
17e48b37-4d0f-4899-b506-235cf166c621,267,Shoes,False
082b5872-8835-4ac6-8606-392fc24ca3c7,291,Not sure,False
c6d71611-6bae-4645-8a93-959973e05f8b,259,Shirt,False
77a6cb9b-1f6e-48f9-8e32-d100f9c093e3,204,Shoes,False
b5ca4da0-ce61-403a-bea2-9b19db8d623d,260,Longsleeve,False
20a31e9d-f1d8-4eaf-9edd-9b1a8b59799a,267,Dress,False
fb2e8f5d-7433-4abb-b606-6bd4e736edaf,95,Shorts,False
4e1b78ba-f25e-49f7-b9f9-03c8cefaea66,61,Shorts,False
07ed7f3c-c23e-4454-b751-b2120967f388,204,Shoes,True
edd3ea28-cfe9-4100-9283-d5781d1d5d52,245,Shoes,False
f5f753f4-97ab-4696-a2ab-4b05dc228678,228,Shorts,False
60a480db-8685-4988-8ee2-31f2b83d07ff,204,Pants,False
bb1c6a76-4a1d-4734-8f07-4dfabaa40561,204,Hat,False
a7d4c4ff-ff10-4418-a0e8-32b2bdb33d99,204,Hat,False
091f88df-2b5e-4779-941b-bec945e96d9f,181,Outwear,False
a38daaf7-f838-4ad4-9048-6fba9c8f140d,204,Shoes,False
ad5095c6-ac1f-400e-b75a-3eb389b8ffbc,181,Hat,False
4cf8f135-48d4-49e9-9bd6-1c00759b9d3b,30,Shoes,False
8f51df31-a6c1-400a-9dbd-1fb1b9f85476,48,Shirt,False
bf67fd60-a8ce-431e-949a-0d841957de4f,252,Shorts,False
8f2de04f-c93e-4261-9545-690a1bf5ab9f,31,Pants,False
2322e330-3abd-4e18-a61f-821d169fb2c2,310,Not sure,False
b21eba8d-0bde-44c5-b689-01fbc1ffc4be,310,Shorts,False
2d6afa47-fd6f-4b2b-9e51-010280547753,187,Hat,False
755595ad-51a0-419f-b132-b412c2523ae4,154,Hat,False
3ce22c08-b572-40b8-bbb6-25d95adf8a5f,310,Not sure,False
d7dfcea1-9e64-4eb8-9293-e570f48d4c01,5,Hat,False
9dc5e144-c3d2-4fde-8dac-a5f8c3b37c59,310,Shorts,False
66aabc57-cad0-4dd5-84fe-7976d00024e4,267,Pants,True
b2f77e73-5ae0-49ca-bb0e-aaad215bcd8f,181,Dress,False
f2c1bd2a-2626-4043-ae96-0cc82400d4fe,46,Dress,False
26bed63e-d57c-4a07-9bc9-4c17b5e85989,238,Shirt,False
bac70656-a50a-4a13-8c3f-63e3a0a28338,46,Dress,False
21d5734b-6bb8-4fe2-92fb-187bf8eed730,8,Longsleeve,False
ee23222a-f46f-4044-abb2-0a5d1795da36,260,Shirt,False
6f620707-3a67-4a98-99c5-694763f3404f,291,Pants,False
cc34d80f-6e80-446b-b9a7-3927f857d0a4,227,Shoes,False
fb59bc3a-fdb9-498c-99a6-de73d500f643,370,Pants,False
3855ea22-5e7f-411f-b1fa-6db27a676c06,204,Shoes,True
d7e2ad1c-e998-479c-ab3a-7500a29e9f90,267,Outwear,False
fa6dd14a-a6e2-4f4f-a2f4-36b610c72cd6,322,Pants,False
10ca393d-6342-462d-9536-58873a767049,294,Shoes,False
9e61d8c2-aaf7-4d5e-b07e-804b082bcf88,301,Longsleeve,False
d750ad74-c300-4cec-9248-727163bd0ea5,8,Outwear,False
2030d1b9-42f8-4e67-8d21-2f41d7480ec6,197,Shorts,False
41cfafee-f6cd-4061-852c-9cb236ea9d26,181,Pants,False
b00f4c40-c1b2-4fcb-9380-12b1134cd3ed,366,Shoes,False
acb3fd5d-6c6f-4539-89e3-f67220ad6c83,204,Pants,False
d47bbb3f-ce2e-43b5-b23e-2aee3f890678,260,Longsleeve,False
6aafcce9-797e-46dd-852d-4e991aafe5ba,260,Shirt,False
b7869275-b3e7-4af3-a86c-871e1c044866,267,Longsleeve,False
208e4ef2-1460-4ba5-9f8a-de05249e5af3,278,T-Shirt,False
e2e01ea2-418c-4ce5-a638-4342f33094e3,262,Pants,False
014b2a1b-c5a0-469b-b115-bc02b2001db5,154,Hat,False
5e3cd348-3f82-4b97-a7ba-25bedcdbbf7d,204,Shoes,False
8942b418-8e99-450c-a051-63c2f850937b,267,Dress,False
1ab00c0e-4fc7-45d4-b9af-7d1bd75e1fd9,168,T-Shirt,False
eaea121f-11bc-4179-a259-5bff022b18c8,309,T-Shirt,False
1a837d72-8a6b-487b-aa36-b3c2d19a8af5,240,Shorts,False
78b155de-4383-4ebd-8eaa-942ef366a6a9,214,Shoes,False
d356b8a6-b8bf-4666-81b9-a957aea03f98,267,Dress,False
420a80c4-dfc9-4cc3-8de6-42765b92bb4b,193,Shirt,False
e404ad46-d0b7-4079-822c-4ec304f5b5a7,48,Longsleeve,False
05e3ce4d-237e-43c5-be5c-20f1a11280b2,8,Shorts,False
18c29626-95ce-41f0-9082-597ea2363c3b,269,Shorts,False
459ec559-7f45-4906-95d7-d449d5eadfdf,370,Outwear,False
6253ae47-c888-4991-a2dc-c484a98a7515,262,Dress,False
0bd7a506-9042-4dfc-b061-0a8279c887bb,260,Longsleeve,False
b203c1bf-6427-437b-b24f-2e2542c0ff14,127,Shorts,False
c246ac1a-8bd7-4c22-a1a4-e141a239ef8d,292,Hat,False
e9df3017-1c35-4754-9e1c-efcb34c6d064,181,Hat,False
78d2c5d2-b19d-422a-aff0-a6eb78291b4f,310,Shorts,False
0814ab03-e394-403a-9718-5ee0ee19f150,61,Longsleeve,False
ed22b4d2-a0ba-406d-8107-dc98a196cbcc,130,Shorts,False
22ee2330-a2e7-4abf-aec1-0699e819a248,174,Dress,False
b4b507dd-f68c-4fd1-9f25-6e2c2930a569,313,Shirt,False
e36dcac4-c66b-4120-b828-89bfc0110716,310,Outwear,False
d8c20701-80af-4d6c-b8fb-9c4535860b4b,361,Shirt,False
6e6dd8af-1567-4d6e-b3f0-30e03009d4ae,181,Outwear,False
d5d97d74-2585-4c91-9b00-214ccc2a8954,51,Not sure,False
c95edeaa-3884-4be3-b4fd-602782b9ccb5,204,Shoes,False
773cca6b-e062-42c9-90e4-53e7f3ff9697,48,T-Shirt,False
39a1562b-9f9f-4e70-b593-79cdd63ac707,46,Shorts,False
9583c21e-bdf2-4259-a041-f8f5d0eaba74,195,Pants,False
8fd82dbf-b3ad-4c47-9dbe-2b48570a0c32,204,Shoes,True
14a73972-d3a6-430e-8fe1-8e6911e40371,48,Dress,False
4bfffb22-1c26-4d36-9213-30edd93b0899,181,Not sure,False
39948029-b039-4622-9228-60552986c6fd,232,Longsleeve,False
248aa31e-1a4e-48e3-ac17-8f007a4cf139,204,Pants,False
9788d16b-dc13-4f3a-aa94-d9fb00685851,204,Longsleeve,False
f1727c58-900c-4aca-88a8-10ac8e1bd7f0,181,Hat,False
729e0163-d97b-42b8-8860-67096fc6f791,204,Shoes,True
b076b1c5-4426-46ec-9e15-4c785586f1c9,262,Shoes,False
64143c56-3c94-46c4-a96d-b594cf1bb110,82,Shorts,False
556761df-ffc1-4af4-aaf9-80425f50fb8b,99,Shirt,False
9fd19df9-36e8-41d6-9cc5-00937880d223,291,Longsleeve,False
76bec031-f9e8-4b13-8b28-e4d216ffc29f,96,Shoes,False
7b4ca4a5-fd04-4a96-9f40-1a982ff6cb8b,186,Hat,False
8b366b95-1958-4b76-a9c3-f8195f589499,259,Dress,False
2cc6e505-1a89-42e0-8177-017118117027,204,T-Shirt,False
a5f63d6d-1649-4089-8703-2f2e1832d8e9,310,Not sure,False
9c7475ee-d095-47b6-a1e5-a83b8be68a6f,227,Shoes,False
6f50f3a9-d730-4c73-828f-d155291d4d5b,339,Shorts,False
df545cf1-5461-4745-8e32-c7e6e1247d2e,166,Longsleeve,False
2e4bde7e-e9b9-4097-a64b-0ff017e28e3c,204,Longsleeve,False
471f46a6-09d5-48c1-a9ea-83617c1fc294,3,Pants,False
252363a7-81a6-41dc-b468-e009177ff176,262,Longsleeve,False
fadba78e-7dc2-497a-aac9-ec8dbd5545ec,310,Outwear,False
00e745c9-97d9-429d-8c3f-d3db7a2d2991,48,Shirt,False
3d12283a-fd39-4f2b-a8f9-da9f1d5bdae5,41,Dress,False
1d91c19f-0cf1-4a4c-bf39-2a0133757a21,50,T-Shirt,False
0ec67bba-c4e8-4446-86f5-23d7f6f26809,48,Shorts,False
9a72ec9b-f840-4736-b3c6-0601ca358fd2,204,Shorts,False
b15f709d-f361-4dc0-a164-7dbcdf758a54,262,Pants,False
e2609b4b-77c9-4c36-8417-246afde001ca,310,Not sure,False
4976873a-5058-45f9-b994-3d79868533a8,181,Hat,False
671603f9-b503-4d14-a389-3c46ff8bf163,181,Shorts,False
82b68a78-d10f-4e21-b869-73d7a4ddd095,48,Dress,False
f1865247-2eef-49be-b678-fbbd378d754d,48,Longsleeve,False
31547719-bfd1-404d-bc3f-d341489be26d,361,Shirt,False
1b66c18a-6866-4e0e-a580-f0e65a23bd10,285,Longsleeve,False
c79342a6-6642-43f2-9822-a4eb22ebceb6,204,Shoes,False
7eb185de-28ed-45bc-9696-47b0a70e9066,322,Longsleeve,False
8d0d37b3-27e2-4935-b1ce-3c698822c414,315,Shirt,False
c65f8289-e55a-4f8c-a388-a4c6424fce79,331,Shorts,False
9fa1c9ce-bee7-41b4-b938-910c57f3df4b,48,T-Shirt,False
18c657b8-25d9-4abb-b6a2-1e2c3978a1e3,279,Shorts,False
041c6bde-e737-46fd-9586-984c1503941f,262,Dress,False
4c5c6f3e-97c6-4789-ada0-5e39de462fd1,46,Not sure,False
5ccdfc4b-c547-43ac-933e-406fbdff8efb,66,Not sure,False
43b09cd1-a863-40ff-91a4-6b33e39db7b4,260,Longsleeve,False
7c2b6a32-485b-4d9f-a1f8-60a7646ff651,310,Longsleeve,False
8b7acd22-1d36-4e14-a419-7011e74cbd4d,278,T-Shirt,False
2116e249-2f93-4f3e-9fff-e55ea9464cd6,41,Longsleeve,False
b628acdf-7e0d-49db-b012-d46188960fca,260,Shirt,False
bbf0d9c7-663d-46d1-a9f8-66e8e5678541,181,Longsleeve,False
06248e28-9e26-4036-8a8f-40cc605c83fb,46,Shorts,False
fe1ba208-32c7-48ad-aab9-488f33a3f983,291,Longsleeve,False
f3c56fc9-d9e8-42cc-947e-8cb1f22eef21,181,Not sure,False
47ce5231-abc8-4ab3-8a84-8deeb79fabb2,154,Hat,False
1ea1d5e8-6613-442b-822c-f10319d14da3,181,Hat,False
47224900-97c5-429f-8e2e-7368a715fff9,46,Not sure,False
5eb1d4ac-85dd-4110-a807-863cfe114c80,66,Not sure,False
ce627dae-599a-4aa4-915d-0d5a32737292,41,Pants,False
d47462f2-e678-4e76-a403-a2c90bf4e3c3,48,T-Shirt,False
d0ea01b9-6067-41c7-b1ca-b4cfd820ebf5,0,Dress,False
a3e47bc3-ba2d-480d-a2bd-1c9d2c96abd8,204,Pants,False
c1d07250-52db-4033-8a93-1dbc60ccbf31,204,Longsleeve,False
8713b1fa-9037-4657-8eda-084d4e147dce,125,T-Shirt,False
01033304-f9a4-48c4-af65-677512880fae,204,Pants,False
00a1b7a8-217d-45bf-93a8-86db0bdf9d9d,204,Outwear,False
e3285416-2cd8-46e5-85fe-c0ab1b1ff836,260,Dress,False
226616d8-6ace-49c5-a81c-d229b5471351,322,Longsleeve,False
731b3d2c-5a40-499f-9057-2dc29edc3202,204,Shoes,True
335580c6-8ec4-4d8f-b250-ee0de54575dc,204,Not sure,False
65507fb8-3456-4c15-b53e-d1b03bf71a59,204,Shoes,False
b319fcf5-1e86-45d3-9f59-7a051f20a2ba,41,Not sure,False
bade5af9-c62c-4f10-9b52-c31f50211d48,204,Hat,False
93ffa333-f16e-4c9a-9b2c-4561413dfa32,262,Longsleeve,False
dd59a1f7-f21c-43e3-aa08-eff7414f2463,183,Pants,True
c895d316-e00a-40a9-9ccf-8fb702b844aa,181,Pants,False
efae72c9-6d3c-4c6b-9c4f-1b5f56f9e4dc,181,Outwear,False
fb1dc0b4-07d3-4ad0-918b-9cca96d4a1f7,181,Shorts,False
708af227-43ba-4e2b-b35b-652a13cd1c77,33,Hat,False
c5afa5d8-aa75-4836-872a-de9d93d091af,181,Hat,False
69c6cb91-303a-4d42-be28-0a4e6666b39e,267,Dress,False
2acc95a9-ac27-41e6-8061-9b43849db240,310,T-Shirt,False
ad219457-e072-41b6-8b71-97637c38f478,310,Shirt,False
148570c4-af0c-44c6-a831-43a4e29fa2b1,204,Not sure,False
58e81b94-b56b-4cab-85aa-c5990a81c249,322,Pants,False
6afd5c40-28fd-4673-b87e-dd03e9411979,181,Shorts,False
82878359-5004-44b9-8a93-6234169793a4,174,Dress,False
2ade25ae-89ae-4ba7-9bd7-761c55850e97,41,Pants,False
b6c29a96-b6f5-4b91-ab45-e6727d02ad2d,204,Shoes,False
ece50133-2a96-403b-b541-10daae586b01,309,Dress,True
4dd4d947-c3d9-4555-88b7-e2965e8285c1,178,Dress,True
1fe7e919-6207-4927-82b6-2be0d12ceb55,260,Shirt,False
471a5dba-b2d6-40ef-9856-37c83ac15ad2,201,Hat,False
d7f945e5-500e-4b04-863a-b00be3a29d74,204,Pants,True
5e173b2c-a978-47d2-8a98-413d910e97e4,260,Dress,False
f74442f0-8a20-4b29-9221-38e11365ecb3,168,Longsleeve,False
d3ed319e-6245-44a8-b698-28d43d484894,204,Dress,False
2595e7da-f1a4-443b-b91b-79d3464575c1,284,Shirt,False
eb5b5b2d-1db8-4a2a-9ab7-53067df7558b,181,Hat,False
5d365198-b2e9-404a-b160-58248c136ef3,181,Outwear,False
0db5a848-2066-436f-bd21-8b3585b391a5,187,Pants,False
5e006644-bc80-4823-9675-426e210b660b,111,Shirt,False
275874a1-4cfd-4852-a751-24cf7f666517,330,T-Shirt,False
690ebf34-a6be-4f15-9fb7-79c3d2c86b07,126,Dress,True
36531270-9901-40b4-adb7-dda831ed614b,139,Shorts,False
42518e91-c969-49f5-ac68-dfe394d7451e,181,Outwear,False
f1c6bbbc-08e4-43cd-a361-0029750681b7,174,Not sure,False
560259b7-b345-4801-aea0-ec6d0049c9e1,59,Not sure,False
b8fe46bc-4781-4ab7-9a99-92374566f61c,267,Dress,False
b797e1ce-cc26-4fb2-a8d3-201a9aa72f63,181,Not sure,False
a47cd387-993a-4e23-b8a8-259d036cf37b,167,Hat,False
c226f48f-ae09-425f-bf2c-6e4c7dd56b52,228,T-Shirt,False
264f8d64-c5f0-45ab-9361-8ea9d8e0f5db,204,Shoes,False
8acbe013-6f78-400b-a9e6-66144cf8574d,226,Pants,False
b9ad3197-5288-4e71-bb98-2fd3f6ae8a4e,260,T-Shirt,False
a283e901-d8da-4be1-91ae-2a3c94de48a2,167,Hat,False
bd5e83fc-330b-4526-8c04-3b7eef715af2,180,Dress,True
88463beb-5861-4d32-87f4-791263f2d69e,181,Hat,False
cecbeae6-22ba-4563-9477-829e04f523ee,260,T-Shirt,False
06a00c0f-5f9a-410d-a7da-3881a9df3a71,310,Dress,False
bf6d2741-1f69-4a08-bfbc-7660535d805b,181,Not sure,False
15fa6bbf-0f73-4b27-9824-87d78eb9074e,48,Outwear,True
1468e9b6-1856-4cfa-aefd-3bfc3e59d4e3,98,Longsleeve,False
4a59229a-9898-40e6-9914-a13d9a9cf661,204,T-Shirt,False
b59e4d4a-a283-4868-8a81-2f24d8b9c8d8,65,Dress,False
f7825b1f-0f9e-4e37-8c93-1cc1c6b82970,103,T-Shirt,False
a5c2284f-a7e2-4d4a-aa73-4d5ce5c1443f,78,Outwear,False
3f7d16eb-7c7b-45fe-8d3b-ffb38124b52c,128,Shorts,False
62d2bb8a-d08d-475c-9062-2b682b50bb30,142,Shirt,False
d2b3f788-d449-450a-ad4f-56c322bcb681,204,Longsleeve,False
b6fed6f7-dcb2-4263-9c85-e45f85b06c76,327,Shorts,False
0dcd999b-417d-4c1c-bfd2-26cc425c9267,204,Outwear,False
68cb466f-920a-4730-bfdc-f622abc3a170,291,Dress,True
c3ebe8e9-dab4-4e9d-aa83-d9e8a1fcf393,310,Shirt,False
d4825958-1013-4e12-b56c-3d88193cc5d7,47,Shorts,False
de26d730-fa64-4858-9809-d28fe390a2f6,41,T-Shirt,False
e7de4ea3-b985-41ce-8fd1-512b4bdefbd4,365,Hat,False
f8718971-1b03-4122-92c6-b019743ea795,204,Shoes,True
29ecb21e-56b6-4c27-b9a9-fd5905adb951,282,Shirt,False
b1c5965b-d09a-46f1-877f-fb1252b65d20,201,Dress,True
81102c20-d268-4034-9058-a2580b4c63c9,204,Shorts,False
123cedc9-f0ee-432b-a087-7c4981e60c75,267,Dress,False
d233cc08-bc73-4890-91f2-fb1d584c8b39,124,Longsleeve,False
aeb7fec7-cf52-49fd-9ad3-312127bd8d14,61,Longsleeve,False
efbc5815-d1d4-4d85-8df2-9d9caae4300b,204,Outwear,False
e298a2d4-3b7b-4b01-a631-f409ff268831,228,Shirt,False
bd1b88bb-457c-463c-8504-cfcd97bc5d51,331,Shirt,False
a2b1af1e-dc4a-4e74-b7ae-3290dbe564d9,139,Hat,False
28f642a1-d171-4af0-8bcf-4bce9a2ff55c,291,Shirt,False
c1a6e7af-4bad-425a-b7b7-caca5b6a35dd,164,Outwear,False
6ad7866a-b3cc-4df2-8571-dd121a1180df,267,Not sure,False
15c6d0c1-730d-4a7f-8534-7c7ca2ed8987,54,T-Shirt,False
ff8ca4c9-b3dc-4d84-8dba-095581f94dbe,262,T-Shirt,False
4aabd82c-82e1-4181-a84d-d0c6e550d26d,204,Pants,False
7e697e4d-ff1c-4478-85c6-a5715a1b3f31,48,T-Shirt,False
60a2a660-b21a-450f-af86-1d87aabb743a,330,Shorts,False
4d2e4f0c-e25c-4399-a6d2-a5c0ac28953e,147,T-Shirt,False
25841099-09a8-4bff-9f23-c223a5501e22,48,T-Shirt,False
03b6a549-653f-4a4a-9820-8357c7eb5ae8,204,Shorts,True
5bb7f045-6716-49e8-be40-09ba71efdf69,240,Shorts,False
ba7624a3-d953-4a17-9003-61f350f5785b,45,Outwear,False
67e751e6-7092-4e04-9f88-600d4bdb2cd5,282,Shirt,False
7ac347b0-0147-4f0e-8174-c40177d53287,61,Dress,False
7cd2e634-94bf-43f8-a95b-a840e7f79bf1,154,Hat,False
5e07f77d-8060-4613-978d-add0a20973cb,48,Longsleeve,False
a5625e10-a1f1-4744-987e-851af2d11a00,218,Dress,False
c477c3e8-540a-4e1f-a100-605ea827f192,86,T-Shirt,False
06c30aa1-0be2-490b-b6f7-cbba423d94b0,181,Shorts,False
535a19a2-27ef-45f4-a72e-e7e0eb914813,181,Outwear,True
d0e79f68-21f8-48cc-90df-2962f4bff2e7,201,T-Shirt,False
7f82b581-a031-438f-9afc-7a0f111e8ca8,260,T-Shirt,False
ad44c61f-e36f-4b7a-a15d-eff4f036d891,258,Outwear,False
6c677bce-2564-46d4-8ca0-c372250aeaf4,204,Longsleeve,False
76298c5b-90c5-4551-a16c-de4700afe55e,369,Pants,True
e0f22daa-fb95-490b-85a5-2cb85a5109db,310,Outwear,False
1da10477-cb53-4506-b54c-1ad949002e35,262,Dress,False
eadafb3f-4598-48f3-bc88-7cd88cb0b07f,154,Hat,False
88cdf53a-32a1-4993-99be-bac046165a2e,291,Pants,False
c87b2c6b-8405-4d0c-81ae-58d46f034cb1,204,Hat,False
517a4e79-8fc5-417d-baf5-2b41cf5a5006,41,Pants,False
ccb1280e-ae73-4884-b9bb-a73be3fac285,152,Outwear,False
4423eb84-850c-4f82-8bc6-01b7fee5c1ef,181,Hat,False
809a0878-3aa0-4364-94d8-d4db70a4ec67,319,Pants,False
5641733d-73ff-4ba6-9cfe-5212b1f190be,310,Outwear,False
a66afb12-9c7b-4e97-a0f6-194380267554,181,Outwear,False
c7fed2fc-5dd4-4e43-a210-fce6c7e5c5eb,181,Longsleeve,False
2a512285-ef9d-463c-b747-8e60bf50f059,226,T-Shirt,False
20facb98-b9ea-444a-8770-3ecfdbf642b9,312,Pants,True
ab70eea8-6103-4dbc-a135-8085d222f03a,0,Shoes,False
cf6ceded-4904-4ffd-959e-bcd83ccb26f5,19,Outwear,False
934d166e-63f5-422b-b56a-7c59cbe18e8d,236,Shirt,False
2e8fb1d9-d2f8-48df-b0fb-583df0b4c5e0,46,Not sure,False
eebe0c6e-611e-4828-880a-fec67d454ff6,50,Dress,False
55bb3f19-0621-4638-9c2a-3a22ae816524,260,Dress,False
450fa7d0-f241-4284-b883-fe374cb2d559,181,Outwear,False
7a2d6800-aa3d-4c12-a975-c1bcb832d243,322,T-Shirt,False
1558e0ca-2ef3-402e-bf6c-d2d62c974cd4,267,Shoes,False
3e35227b-2061-46eb-8379-a6844a4bd5ac,204,Shoes,False
d01ab2c4-493b-4071-a2fa-8e305415728a,285,Longsleeve,True
1a08f33a-2ff4-4fb8-920b-8ff514bcdda8,181,Pants,False
be4e12cd-1a81-4ddb-93f3-5f29a24b7eb6,155,Shorts,False
c99c0a08-e27a-49a7-a24e-f088ff9ac3ce,310,Outwear,False
1015f2a4-265d-4d43-b697-17c5735cf46d,50,Pants,False
006a85bc-8a95-4cd3-8c8c-215b53753abe,45,Shirt,False
56ad54f5-5dee-4816-8132-dfdf1c2bb587,199,Hat,True
808694ff-b6de-4f50-a107-a2ab0de65192,111,Shorts,False
0b7dc2e9-a9e9-46ed-b4e2-8b91e1e720b0,361,Not sure,False
3c13ee15-034d-496f-bdfd-6365424dc0ad,204,Not sure,False
fab99089-ea1a-4380-988a-e700bbe73d42,262,Outwear,False
c35baa95-3f09-49ed-baf6-6d9bb1de1bc0,204,Pants,True
fa812694-c800-480f-ac4b-40438d3a97eb,122,Outwear,False
46f62d95-a8f3-4b5c-8d2b-9e8f0d8983de,353,Dress,False
64946a61-f191-4a57-ace2-9012b5eab1cc,204,Longsleeve,False
69db5cf5-f331-4bb6-a610-f49d2a514150,201,Shorts,False
484aaf4f-de3a-445b-8a3a-452e9e6af697,292,Dress,False
f04703db-d5dd-4e71-9c48-9d6c20b90545,181,Not sure,False
521ae02b-d891-4acd-8656-514a66312828,204,T-Shirt,False
d689b01b-8d53-40d3-85bd-074805eea444,232,Not sure,False
c3902cf4-a41f-40b5-a1dd-bace11ab75fa,331,Shorts,False
3cef4468-d107-4f8a-949e-aaca30eedcdb,312,Pants,True
2adf987d-a985-4023-81d4-adf9368ca251,148,Dress,False
b2283dee-271e-44b1-a0e4-1f3b717af614,262,Pants,False
e3f2266a-49db-412e-99ab-a57cb0b226e7,226,Shoes,False
65033884-8747-4857-967e-af03bd61c6d5,356,Hat,False
c1bc116b-d8b8-4ac4-afe7-a7b94d7e0aba,50,Pants,False
481400c6-806c-4a35-8f24-370152f564d2,204,Outwear,False
c9241648-253e-4951-87df-bca2fe1bdf90,62,T-Shirt,False
fcd12553-82a2-4235-9695-438e001a531e,181,Shirt,False
973b5b65-72ef-41b4-8290-0ee84dd44bce,204,Longsleeve,False
3ae00fdb-61bf-48ad-840c-c8dd0d974091,322,Outwear,False
59927935-c092-4dce-97da-b55312183d61,181,Outwear,False
02ac7ea1-a983-4584-a121-4a0c752448d2,41,Not sure,False
005d3a4d-b8cc-4f14-a288-8065ab797974,260,Shirt,False
d7602a0b-ddf5-4087-8a83-4e1ed8092f7e,181,Hat,False
b911d68f-dfea-45fd-b66b-6c2bac08c642,169,Shorts,False
6f6325fd-7c5b-48b7-9daf-d64666bcd93b,48,T-Shirt,False
3d7484b1-69da-4e8d-924b-34dba9083e73,361,Pants,False
7eed8816-32bc-441b-8f7a-aa6ac2557ce5,8,Pants,False
4f9521b3-9cad-4cb2-bf9e-34bd0b10b068,82,Pants,False
f2ed2a21-1f1d-4c4f-b814-ea534d7bc397,103,Longsleeve,False
2cc362ac-4f5f-421a-97b4-311a887d7a69,267,Not sure,False
927451d0-6fc4-4d19-b09f-2a30fe0e3628,232,Shoes,False
76cea708-f235-4a37-aff3-4811830da0b7,331,T-Shirt,False
d01cab9c-2fd6-4756-9e53-7b183f4269ae,204,Not sure,False
0d87a812-8c30-4b1f-9ecc-199ae426c8e6,352,Dress,True
2f96b4e8-3af7-4b3f-9488-69a51df7a917,181,Hat,False
0cb3a527-be77-4ba9-9430-c097a45d4db5,181,Outwear,False
89197c05-847a-4d7a-ab94-e8f61f80caa2,204,Shorts,False
19931b17-d23d-4b7a-91f8-ca5cbebf8a7c,361,Pants,False
6675593a-8fd6-428e-87f7-dd6125f88264,204,Pants,False
adab8f60-032a-4c67-94fc-4d2902a27501,204,Shirt,False
51efa1c1-991e-4f4f-bc07-76a879dca148,181,Pants,False
d0ff6257-879e-4122-b31a-4a40701f05e9,3,Not sure,False
6a43a320-606e-40d4-ad6c-1f93ad0bbca7,95,Shorts,False
7dc1ee94-a507-4160-96d4-276364e31c3c,150,Shoes,False
35f5fecb-755a-45d6-ac3d-3feb8299dc87,3,Dress,False
a9c5f50d-abad-46f0-9bc1-4cef08015143,274,Hat,False
80ea2b05-080f-45f8-afe7-5a09b5071144,181,Outwear,False
2a00982f-4393-4e2f-85f7-bea287568be2,46,Not sure,False
4142d3bc-05b8-42f4-bd16-7bcd565cfd99,8,Dress,False
7ee4f3fd-6dc3-4b71-901f-9ccbbf8cad80,78,Outwear,False
ed28db5a-db33-4f80-ace3-16f945f7911a,148,Outwear,False
fd235c36-a30a-4aa9-8cb6-d1b0a450d737,204,Shoes,False
7c893b08-35be-4a0a-be3d-800d861319df,181,Outwear,False
ae36221d-b2d9-4508-ac54-fc74951133b8,216,Longsleeve,False
85ad2170-2d05-4e43-905a-70e5a6feb013,46,Longsleeve,False
5689e129-a7a2-4560-9df5-7712ec00ecc0,309,Not sure,False
221f6226-4285-4d83-83ab-d3a1950e4a22,205,Dress,False
a26fcf8f-e1a3-4607-9854-9afef6745c86,181,Hat,False
4125a2d5-d084-4bde-94ce-819f7f39185f,313,Pants,False
8d985e5b-eba8-4955-a94f-ce133258c52e,202,Outwear,False
3203d295-92c2-445d-a8de-9423b58ffb66,197,T-Shirt,False
a18f1511-770a-4900-b748-691c6021a3b4,163,Outwear,False
e7ec7ab5-494f-417c-a0ce-c7bbef93d745,48,Shirt,False
52fe0bae-69d8-4477-9e42-05d61a4e8364,310,Not sure,False
41f35a3f-4592-4e50-a3ae-67568ed52754,166,Dress,False
1fe43e89-0e78-4667-881b-3feb27a63ce3,181,Outwear,False
ae6cf708-9abd-4422-9c4e-6cf3b6200031,310,Outwear,False
a9f18738-4a08-4215-8063-c318287ac1bf,322,T-Shirt,False
4c1acd5c-80bc-4f85-adb4-404f553ca881,111,Dress,False
bb2b288f-8525-48a1-ace5-2ac72abd92db,282,Shirt,False
fb145f9c-024a-4177-ae55-4ef413756ee9,116,T-Shirt,False
58bd912e-e5bb-4d65-ae47-27770a2cbad8,17,T-Shirt,False
1a7c730a-ce5f-4d78-b300-59718bd1f0fa,309,Not sure,False
b9671bc8-ce12-4846-87e9-21c0d1298fab,72,Outwear,False
09c3cfd8-ee08-4253-8d7a-98c71b0b3566,127,Shorts,False
c73492a1-b5cd-40f0-9ca1-ae72635c544f,57,Longsleeve,False
8a17d01f-80f9-4e88-ad35-51d09dbb5b3c,310,Outwear,False
78534d30-3cc9-409f-a8be-903f5864af3f,169,Shorts,False
e9b2a243-c484-4903-8fd9-ed6259515db5,262,Not sure,False
9044c1d9-92ae-42aa-adee-4aeb468f6d5b,267,Dress,False
71238a2e-59be-4d4b-ac0e-9739d13fd41d,310,Shorts,False
fe7ca6a3-50a8-4377-9e67-a80652d1594a,181,Shirt,False
e1cf3d17-966e-4931-be35-dc4bc451db4b,255,Not sure,False
0c7412e7-81eb-40b7-be64-ce9782103529,181,Outwear,False
27e1dfc7-4a9a-4049-ad9c-253535a92b94,322,T-Shirt,False
fe326a13-1d99-49d2-adc2-32538381a486,181,Hat,False
a1559757-1510-494d-83f0-1fc9c0689170,310,Outwear,False
2d38c37a-f31c-4715-8c22-2e7f45003236,260,Shirt,False
ad22bcd3-abd8-4b31-9605-2cc460b93e4a,240,Pants,False
9e803923-d851-47e6-8376-6e557abb6dcd,322,Longsleeve,False
535d956a-69bb-463f-a064-0843c8c89bc8,178,Shorts,False
cf0ab953-d1b3-4c51-bbc6-f50078b4df58,174,Dress,False
e77efa63-0477-4af2-b56d-c15da31bdad6,260,Shirt,False
d330916e-20fa-47f6-8099-65399ad20265,336,Shorts,False
5dcffea5-5111-4397-b9ed-313b41bdeea8,211,Shorts,False
39420559-56c9-4c0f-bb74-614bd0a3ddaa,260,Shirt,False
20679064-7d30-434b-bd91-a6614f7ceb09,198,Shorts,False
7d829cd3-ea26-4d40-a03f-3eb7367a5ad1,204,Shorts,False
876c8eb7-3f0a-4a47-a040-83ceb14b97c9,322,T-Shirt,False
915d8f8f-982a-4ce1-8371-50868530a69c,352,Dress,True
544332ea-24e3-430d-83e4-870e427bca95,260,T-Shirt,False
e864fc5f-328f-4d17-91b4-d544bdddcbfc,204,Shoes,True
2b45bc2e-32e9-45db-b34b-aad93113745d,181,Longsleeve,False
be0c33d8-bb30-47a8-a9d8-3ffef3bf5b95,260,T-Shirt,False
cbae96c4-ee32-4c10-a69e-d723e0a54480,204,Shorts,False
f5f193c8-5953-4fc8-a385-27352b7c75ea,331,T-Shirt,False
85aec0bb-ac70-45c8-9964-ebe48a7cd9c4,48,T-Shirt,False
802451d1-e9e5-411f-acf7-5d9fe2f0348e,322,Shoes,False
334bc6ef-fc89-4226-90f3-dd63645ec845,301,Dress,False
c46870a8-412f-4fa6-8e37-b42f9b025782,181,Hat,False
9253edb0-4880-48e4-a7c3-a3b40c837a3e,369,Dress,False
7d5a20ff-6431-404e-9870-78140166cf7a,262,Shoes,False
d3bab36a-9b9f-4f2e-9ea1-c7eab6c0b971,260,T-Shirt,False
3ea9b190-582d-474b-9ba1-1fbabb2a2435,166,Shirt,False
54120c82-5bb7-4bba-a781-af18362eb24c,204,Shoes,False
520086b3-e4a7-42d4-8590-a4a505bf6a49,126,T-Shirt,False
d7c07f9f-8362-4abc-92aa-193221a7db5b,285,Hat,False
63fd7e77-fa32-44a2-964b-8ab764ca9efa,46,Longsleeve,False
dd542b71-fccd-4ff7-b40b-e94db59dd7ae,181,Shirt,False
9d6be83b-84ad-49c2-bedf-aaea5582a844,291,Shirt,False
d4477250-7054-436a-a337-baad421bc8cc,322,Dress,False
c08ec2c4-38d7-4bcd-9c18-1d0a1abe33e1,181,Not sure,False
66ce58c5-5d0e-4469-9d9d-91f4ff185bfb,181,Hat,False
265683fe-7f9d-4585-ab51-bbe16a153777,135,Not sure,False
328e21ed-2843-4469-a49d-4c01470dc98d,315,Shirt,False
4ac3d6f0-a7e6-4197-899f-d3a65ae1ba7d,37,Hat,False
cb625c0a-230e-4eec-8a25-8f882fe8e6b2,310,Not sure,False
29f8cf36-3ae6-4558-9f42-82f330c15b3d,260,Shirt,False
f207a364-bb40-42cd-a764-a2b9896705df,190,Hat,False
9cb4943a-cf4b-467e-b39e-e4694d498fb2,322,Longsleeve,False
881c62dc-a47a-444d-86b7-93a27b431f51,126,Dress,False
db21e81d-b576-40a1-84b8-cc5bd1d4f7ee,365,Pants,False
f18043dd-b667-41c4-ba80-38299c49c399,181,Hat,False
ded36392-a2db-483c-955d-c4b7987446da,48,Shirt,False
ed371c5e-c1ef-4e87-b8b5-96951450af2b,181,Outwear,False
378d4c2b-b181-4f51-bad6-1a04b728017f,260,Shirt,False
357fd0d6-e474-4a40-a8fe-e80a6d5082f7,45,Longsleeve,False
ecf5dd44-9c10-4576-adfa-2850e803ad39,282,Longsleeve,False
f2e3fe1f-fcf1-479e-9d48-3e45f07a5447,262,Longsleeve,False
47106cae-9eee-4147-bcd1-458f2f00fd3d,370,Pants,False
2b66fdb1-33dd-445f-a422-b17fbe543483,142,Dress,False
f05fa8ee-571c-47cf-9347-055d6c7ec02c,37,Outwear,False
c674b492-752b-4a36-a0c5-9092759a9c2a,92,Dress,False
0f181177-35de-4a8f-96f0-5e81f5ac34c1,181,Not sure,False
dcaa24c0-748f-4aa4-8c4d-bb1a4012ec78,288,Pants,True
9e3efd31-68df-4278-a592-acfc6bcaee82,181,Dress,False
098d55e4-996c-460c-811a-862d68ca9245,260,Longsleeve,False
08215318-faff-4037-bee9-5bceb0af7747,29,Shoes,False
51c9d43b-439e-4846-882f-8ef26062fcb9,292,Shoes,False
2d39c5f2-3441-4c9d-8dc7-00b940fa64a3,181,Hat,False
ec0a2f9b-99ca-48bf-bb0a-b10748f57fda,204,Outwear,False
5927c07b-c5cb-4167-9fda-9e6dd22fc872,23,T-Shirt,False
fff6b588-6b62-4de8-8e06-f726000a12f8,37,Outwear,False
c7c0ee49-32c3-4273-b37b-980972e352eb,290,Shirt,False
41cab754-3e1a-442a-9e95-b42199db0b48,237,Shorts,False
2dcaec0f-b253-4d75-aa8a-01f0858229a8,72,Dress,False
f7b209c5-c0c1-4ff8-b643-0b0dbdd1d600,126,Shoes,False
7cb5e820-aa96-4c1c-9146-29d92285a677,322,Not sure,False
6e69a725-ea5d-4097-83c9-7397e135988b,41,Longsleeve,False
1b93822d-09f4-41e6-b31b-964cc104ba71,204,Longsleeve,False
9fdd7334-31fa-4038-a80d-456668fda43c,291,Shirt,False
43976040-49b3-4e59-8b6a-8ceb4d814d4a,282,Pants,False
90716fe4-7c08-4156-9a30-629cfbfc463d,181,Outwear,False
300963e8-f469-471c-a7dd-9eed99ddad4f,181,Pants,False
8033375c-8efe-40f6-a233-aa1577ab1b2c,260,Shirt,False
0a3e62e3-fac5-4648-9da2-f6bc4074ee31,303,Dress,True
760cc6d7-f626-4b59-a163-7d31ed3d610e,310,Not sure,False
4ca539e5-8ebf-48aa-9f14-a02d41f4e0b5,136,Outwear,True
725838e4-765b-4c66-a1bc-c1023468c076,267,Dress,False
d03275bf-bd54-4319-b036-31d7c697eed4,0,Shoes,False
52a76d18-122b-4b19-9643-da4948434667,204,Shorts,False
bec98d90-ef57-41a6-b188-c5561bb9f164,236,Longsleeve,False
283b238a-d47e-4b9b-9485-4d0182aa3c72,45,Shorts,False
7629249f-74f2-4423-a66e-0047ce21e3b0,48,Not sure,False
ceb6ea8b-5289-4305-a52b-b4b44d3beeb9,186,Hat,False
5f36ec16-d10a-4952-bba7-bcf2923ca5f6,181,Hat,False
81ca48c2-cf88-4791-9eb3-ed0fe53f805a,126,Hat,False
b03f064e-6b4b-4591-89f8-4d83b698a469,46,Not sure,False
d9024c75-93f8-4b22-aeff-f7966d924c57,181,Hat,False
f63adeea-b217-4747-bb2c-8a1b4ce4cef8,50,Pants,False
c09d1e27-97cf-4d81-b156-ab5226966875,204,Hat,False
19b8f13e-9f17-4fcc-a4cd-7496672b1675,215,Hat,False
456578a1-8a2e-4906-85a4-c93ceef8c108,278,Shorts,False
7227a650-a036-485a-80ea-58aac1c5500f,45,Shorts,False
d52dd115-109d-4bb6-8ad7-85c1768675b1,290,T-Shirt,False
047bf1cf-28e2-45e2-a96b-cc3def23f030,121,Hat,False
8f630d7e-0df3-40f4-a40c-41f6386b68c9,260,Dress,False
95ab5afb-fc8f-4726-836f-2e44b0084dd7,181,Pants,False
d372b66f-d6b2-43c6-b33f-095a8fd78595,31,Pants,False
d9d9456b-3398-4684-9d0b-e52dfbd0e491,262,Shoes,False
aa0d4e07-d760-4706-8e27-5d95de2aecb5,291,Outwear,False
0aa095c3-9d4d-4416-8788-82655af859a8,242,T-Shirt,False
b5704e96-556b-477f-bb0a-eadc524309f4,204,Outwear,False
552b44a7-0eeb-47a0-8a63-2f1f1d5f78ff,181,Longsleeve,False
d11bc092-7b74-40a2-952e-39a9131fdc2a,285,Outwear,True
98a86d75-9201-4832-8acb-2d9c7ec625cb,201,Dress,True
3710ba97-040e-4bdf-8cb4-db43a0df2794,153,Not sure,False
65059343-23ae-4f9a-8fca-872af5d9ed37,50,Longsleeve,False
2be8cf7a-5b2e-400f-a826-785997af532a,204,Shoes,False
90ff3bb7-d6b5-4b77-998a-d64543128c00,181,Outwear,False
e026aab9-818c-46c3-993e-b80a9128d361,204,Shoes,True
8b465419-b9a1-4cc1-b718-19a2df32e562,41,Shirt,False
f68947a8-6f6b-4461-ab13-81c285908509,260,Dress,False
7f3c9738-92af-49a9-92de-b7e762a93e63,204,Shoes,False
e46a8690-75bc-46b4-bdde-fef6437d994f,237,Shorts,False
5ecf5607-c36b-4185-9981-652804e04c8d,154,Outwear,False
21e5a902-b477-4bd1-9bcc-fcbda0d0abf7,204,Not sure,False
968e1bb6-5441-4bb6-b56b-6b066dd2423e,260,Dress,False
34fea214-a35b-4aca-80ea-d1c4a3a80e93,322,Outwear,False
b4644692-2179-4023-912e-1eb54cf0edcd,282,Shirt,False
d4ad2ed2-92c7-4dd9-8a3a-c641a1c90f5a,181,Pants,False
111622d7-2852-4162-a972-3ddc2c01b4e6,45,Shirt,False
d4eea203-72d6-4f7a-a212-ed214c7567f0,46,Longsleeve,False
f27fed74-1495-44df-b129-8b346c3c57eb,27,Shirt,False
369fa09e-1fdd-4844-8814-fb1e18ace137,126,Outwear,False
80efad5c-1ca2-4589-a5ac-5bf1547fafde,331,Shorts,True
707517ad-af0a-44d0-beee-88f6d5cce901,95,Shirt,False
d073241f-b863-4f87-9aeb-c4c99317fc70,48,T-Shirt,False
908718d4-6fbc-4954-8237-e95966cdd063,260,Shirt,False
d7c67097-288d-4d10-b6cb-11d97c1507b2,310,Outwear,False
dec02b3b-638d-496d-b25d-92bce28c6f7b,43,Shorts,False
0d3cf39f-78f1-440e-9504-f510e75aff0b,158,Dress,False
de697750-a1ce-4595-8836-47e5be76d1da,181,Hat,False
a099199b-9ec3-4f63-a157-dbdb1757eae5,256,Dress,False
2ea87992-6eb5-46a2-9ac6-e4ac727179aa,332,Outwear,False
d347b134-5735-461a-9ee3-c1d0da89c101,260,Shirt,False
c0a3ae6d-9184-4570-a045-fcce55242758,65,Hat,False
dd262e49-9475-442f-aa1a-7eb21747ca24,274,Dress,True
1d419bc1-c0a7-40b3-b0c3-c36bc62a0f47,139,Outwear,False
46b316a6-236e-471f-9d72-fea1d7f10dbc,260,Longsleeve,False
d56b676e-1f28-4c56-96d6-070237e2a43f,181,Hat,False
9a5bb17d-2ab7-45dc-af8b-08ad0f42ba16,240,Dress,False
f1cf862d-a02a-4c64-a0e6-73eb80aad5a1,204,Outwear,False
80c77dd2-8dfb-4674-9c83-aa36f86c6794,351,Longsleeve,False
57dec82b-f2fc-47e1-8d0d-0509622d8fb3,262,Pants,False
0922ef69-ddb4-4a8f-b2c0-eede3187743c,204,Shorts,True
6b4a74be-85bf-4955-8b26-c170e3c0e182,292,Not sure,False
be33ec4c-a7d8-4a8a-a15f-e2d5c993decb,181,Hat,False
47fb9c62-cebe-4523-807d-a998db17785c,41,Not sure,False
7e200cc9-e2fe-40ae-9e69-0d3ef877241b,260,Shirt,False
160c2e1c-48d5-4e31-8155-83152e2ad649,41,Dress,False
593a08cf-2594-4704-8ca9-1c35cfb7a1ca,262,Shirt,False
9cedcef4-0138-4386-9fb5-d394971dc2f0,204,Shirt,False
8f809fea-1f7d-4695-be36-a061bd77c170,154,Hat,False
3d43b8a4-e377-4822-ba41-9ff466734510,181,Outwear,False
17e2ba0e-be9d-4fe4-b58b-2c039a693cb6,228,Shorts,False
c362d096-021d-4948-81ef-c2a971dc0998,204,Pants,False
3acdbf3f-cc86-43d2-8a4b-ca65b5258207,204,Shorts,False
7a2a6c18-1b14-49f1-80e1-a0ec88a59532,310,Shirt,False
028223d5-e408-4b02-b1a1-2cc641fb9500,262,Shorts,False
e4bee2e0-0ccb-4a3a-af3b-5d02a6456e92,181,Hat,False
12162c30-f6c8-4054-9f35-937629373cca,181,Shirt,False
b131df73-3879-47de-8e3f-999e33267b71,181,Outwear,True
c88db196-c8a6-4ee7-9a62-7d1eaf33f0b4,282,Shirt,False
7dd5a8f9-4b36-41fc-84b2-3a3c96a1e7aa,267,Outwear,False
be5eeec0-ce4c-4f0e-ae48-fb3b56d6aa52,260,Shirt,False
06de9ebd-be39-4cc6-aea7-1d047ccf1a52,260,T-Shirt,False
146d59ff-931a-4997-a699-d27c062135fc,267,Dress,False
c44f5dcc-4acb-44a7-b768-249cca460171,216,Not sure,True
4ae2cc71-9019-44e1-a5cd-3c9c788b21ba,48,Not sure,False
f0fd5bbc-bf4b-4cd6-81b9-8f3883cb338d,260,T-Shirt,False
9a2bc070-61ae-4d54-ba1d-0694b7267a9a,166,Hat,True
e0dc1f06-78a4-488e-936a-5b2655a65ba6,92,Pants,False
8e4200ca-15aa-4d67-b0dd-ac98d8baa42c,43,T-Shirt,False
648f665e-14d5-4c59-8866-e75f88ae3c8c,46,T-Shirt,False
82a77d69-da3f-45c8-9479-ea3dd400d7bb,181,Not sure,False
5909f313-edfd-4d94-9cdb-3a05e02bb926,184,T-Shirt,False
24d8c413-1bc5-4938-b6e4-621ec4db182b,291,Shorts,False
afd8adae-5b2c-410f-a0ed-2e471d48ad83,310,Shirt,False
f0883a37-c8a5-4862-bfab-73f61cec0a04,181,Shirt,False
c1803d88-5491-4278-91b6-e1f7d83c4ee6,204,Shoes,True
5b62c0d7-d046-4b73-a61f-3dec701ad622,291,Shirt,False
56606e8d-8092-4541-9ac7-92ada184d3c1,260,Shirt,False
2962430c-dee4-4c25-9afb-e6ee69768fe8,204,Outwear,False
f7536e56-4e2a-4fd6-b92b-70a4243bf86f,181,Hat,False
49301a0e-b5a4-4ce5-831f-f6e538c8b3ad,204,Shoes,True
1194757c-6518-4f24-9cbd-070b42cf4bc6,262,Shoes,False
4196aee2-03cf-4996-b195-8dc05618bba0,181,Shirt,False
a59d261c-fc59-40ed-9c56-9bcf5d99fc9c,181,Longsleeve,False
81b69e5f-336a-44f6-8a0b-782c4613c0d0,280,T-Shirt,False
d74b5597-9fd8-4d25-ae3d-1af31ea70507,186,Outwear,False
3e4c3ab9-8745-493f-acd7-756c12f4f0ca,204,Not sure,False
297e090a-e59e-4829-8c35-3716e10f894b,241,Not sure,False
b34268f1-78ad-4e58-bc16-2aa0728c1f7b,41,Shoes,False
6075b4a5-5b1a-4ce0-aea0-9dbfbca7c35c,37,Shorts,False
9111788c-4ef1-41ea-a3c7-95622cd94c55,204,Shoes,False
03103065-f445-44a5-b707-53b73534f57d,363,T-Shirt,False
8ced139b-54b8-4d7a-b40b-b4cc303bdb62,310,Shirt,False
ce9448ef-6e8b-4ea3-a26e-6725f07ca177,45,Not sure,False
dae8c9d7-d344-499e-9253-57bb2a777fe5,204,Shoes,False
5ec1221f-a52f-4602-9c2c-ed4c81a26708,310,Shirt,False
dca066cf-b564-4b86-a75e-34b9b0bf01b0,310,Shorts,False
90b3d7c1-7a97-4a71-9ba3-d37a9086ffbf,204,Shirt,False
d3db25f4-a328-487e-94e9-472bc6f02807,227,Shoes,False
29c2d4f8-f682-4995-919b-2ce2a9a64c1d,181,Hat,False
b33d6289-5f4f-4803-a125-01138da722b4,181,Pants,False
cf846233-591b-43e6-865c-0365caa69aa5,289,Shoes,False
d8283d6d-3b5b-499c-94ef-4a84407a9d3c,181,Hat,False
f278b55e-38cd-40e0-80bc-fd79748fdeb3,135,T-Shirt,False
ef2140de-3312-4c7a-85e8-a84ad24c1aee,48,T-Shirt,False
b8c71b29-9989-4d27-8274-cdb9a813a6d5,90,Longsleeve,False
240f72f6-d5c3-4e64-9d59-179db8a37569,294,Shoes,False
01e42413-5514-46d0-8e44-8060d5410dee,45,Outwear,False
7806f3ed-9a44-40e9-969b-99b8fe55c04a,8,T-Shirt,False
de929bc4-1c06-4a46-9401-a1681cda0aff,48,Shirt,False
838d67d6-64e7-4c9d-8673-7481bb5cefaa,266,Not sure,False
cb84ea96-fd31-4c51-b01d-b66e07c28e36,204,Longsleeve,False
36f8376d-99b9-4349-9a0a-9731897c15da,204,Hat,False
da6ea957-4f8f-4f69-92de-52586e4a79c8,181,Outwear,False
73a70ab0-4fc9-4973-b6ac-c8b8057c9989,322,Not sure,False
a5f0156a-eae8-410d-a8a8-5de1784a72b4,204,Not sure,False
95cebbd2-db22-40e6-8c86-d4fb5040134a,29,Shirt,False
2661fbc6-65e8-47c0-b0bd-a8788ee91d90,153,Not sure,False
3f144818-2c26-4038-b48c-763981cc5b49,252,Dress,True
a9fd7830-428a-4a9f-b099-ba5a48c26d24,322,Shirt,False
91c4b8c1-fd2f-47ea-b496-8191d36a2e3b,46,Longsleeve,False
2a2e7f21-0d3d-4730-8e42-45dfc0489c4b,48,Longsleeve,False
60b1d8fd-17c6-4b4d-b067-37e0de448e65,310,Shirt,False
4a39f645-77df-4bfd-8634-ce1aef181a87,8,T-Shirt,False
30de5ddd-4565-4a60-b5bb-5ab79a24afec,322,T-Shirt,False
6b2a4812-5f04-40ca-aba3-f66607934a7e,61,Pants,False
9cc9ac19-a371-4c56-b0ab-89755ec67a2f,204,Pants,True
bffde213-2bab-486d-a622-f382abaa4e9a,288,Pants,True
6b825ceb-4d84-4fa2-8953-af936b3233ac,228,Shorts,False
74be6d25-8e2d-4189-ab13-725af704fe41,181,Pants,False
74d4f5f3-d0fc-46df-80bd-c00f7144feff,127,T-Shirt,False
75912d0d-f9b5-450d-9260-87f192a06731,153,Shoes,False
f6b3d8e8-af0b-4cdd-b821-6df326152dbf,125,Shirt,False
ee4d62e7-6dbc-4131-a394-c199fa564250,8,Outwear,False
9e9419e5-5003-4c64-9949-77b51501cff3,310,Shirt,False
febae8c9-1a36-4303-90aa-9fc306278cb2,48,Outwear,False
d0526ba8-6e57-45c1-95e8-d542f87d99f6,260,Longsleeve,False
68fa69de-e291-4e21-8620-a4f57564ea39,360,T-Shirt,True
e69c6c4d-5c8f-4b4b-866d-7c3917ff2a5e,212,Dress,False
76649754-ab0b-44ef-a9b6-8f42f7e91047,168,Shoes,False
cff061d0-75c2-4be6-bd33-b2a189caf0d4,262,T-Shirt,False
b1299dd2-18e7-4d59-a7dc-f6eb14686572,0,Shoes,False
cdc9a9fe-dec0-4c01-81c3-f4f94679d2c2,41,Shorts,False
77ac7128-923b-4796-a0a3-8d91759bdaff,8,Not sure,False
b1bec6b2-83dc-4ae6-b65a-b1212cbced1d,34,T-Shirt,False
ef8d972e-d971-48d4-85b0-ca34297e6f3e,287,Dress,False
111f6233-f984-46a9-ab6a-13d3c5a3585c,150,Shirt,False
364e3f68-6505-4821-94af-d8381cd8b2d0,204,Dress,True
d9d51d99-952c-42cd-9e27-140c7053a6f8,37,Shorts,False
fb0e4090-f7e7-424a-aa85-44daffcea9a1,364,Shoes,False
9e34dcba-cc6a-41f1-8b8e-c3b512456a11,190,Not sure,False
ab3bd520-3337-4ed6-a7eb-d11455385fd3,88,Shirt,False
99f5d28d-765f-4b2f-8e83-1feba2166a6b,243,Dress,False
60580369-4ec6-41bb-8e5d-b48a4d20e0c0,65,Outwear,False
9f922e1a-0627-489b-9e0f-f8dd3fb520c9,292,Shoes,False
540e1bec-cdda-45b2-91ef-66df33ee50c0,41,Longsleeve,False
ebf26811-8efb-4f58-a8cf-e4f8b6767a53,260,Dress,False
d164ed7b-853b-437f-aa37-096fc97c0e70,50,Longsleeve,False
208c452c-6393-4f47-bed4-eecba5fd91e7,227,Shoes,False
94d2941a-232c-414c-b0f5-89053806ce4d,204,Pants,False
bdbbac83-99a5-40df-846c-6d8a01b020ac,181,Pants,False
b00cc931-c889-4619-a24f-be66d2ea6769,204,Shorts,True
83bd321b-ca56-4603-8851-7375d0740ecc,294,Shoes,False
a5fa97cf-e45e-4a14-a001-93276576a58d,160,Shorts,False
1789bd08-1ac8-46d6-bf28-0919e083ef56,46,Longsleeve,False
739882e3-cdcd-439b-b8cc-e52e0cd41570,204,Shoes,True
51bce2fd-e68c-4078-b263-fd731088eda2,82,Hat,True
6f5d2dc7-5c5c-4d53-85fc-76b64950fd10,181,Dress,False
1aac00cd-b42a-40f1-a82a-dcc44a0879d4,219,Hat,False
9caa4c99-0d40-438c-910c-3a356dfd1a63,204,Longsleeve,False
7a9d5c6f-d1b6-42e6-8200-da323a048bc6,17,Shorts,False
d794c5f1-e227-4007-ba34-8192faba5a05,181,Hat,False
df2ef04d-a0a5-4616-b3eb-7212bef9b9de,291,Pants,False
1d2e0956-07d7-41d8-9286-ea98d1d32dbd,48,Shirt,False
c6b31432-bb06-4800-b9d6-76c411c38447,181,Longsleeve,False
6cbd8a06-b3b2-49ce-893d-13d49d1411be,317,Shorts,False
daa91f5b-24bb-4b0d-9819-4359afe471b4,204,Shorts,True
648efd0f-909a-4d07-8ce1-f11a8dceb9cb,204,Shoes,False
b33636c7-b662-4a4e-a90e-705b0eb2ed18,260,Not sure,False
94287d7c-aa4c-4dc3-b728-0a239badefb7,291,Shirt,False
eb5ad110-8773-40d6-a353-08ea8cf724b0,260,Not sure,False
66ba4337-6f37-455b-ad6d-08d09eac1baf,284,Dress,False
1276da4d-bc2c-4afd-939a-1019a3a17978,181,Not sure,False
f593d176-6799-4ae4-8d9e-19256cbcec7d,201,Hat,True
a85dc6d0-6427-4ca0-83ef-5f393c5a12a2,310,Not sure,False
e0f4be43-6426-482b-8747-0a22d3c16d16,45,Outwear,False
f83cdf3f-f53a-4395-b70f-da23eb29e676,125,Dress,False
03383314-4e34-4604-8ba0-f5d75371204f,322,Pants,False
257d2e04-25ae-490f-a6f3-5c0a2474aea5,322,Shirt,False
28673a85-7acc-48e8-ab1f-cfa736aa2fd0,46,Not sure,False
a8f68926-3732-4af2-a44e-e90da223bdd6,181,Outwear,False
297b1d2d-70d6-42d9-a6eb-5d28c59f1061,61,Pants,False
99066018-e806-4f19-bfb2-260b8b8a65cc,322,Not sure,False
ade4c3c3-86ce-4187-b601-989279c0592d,245,Shoes,False
16e5d441-1398-411e-b013-0374019e32a3,166,Longsleeve,False
7ef8fa2d-eda1-4d3c-8dac-31b3fec95c3d,204,Not sure,False
744d66e4-d0cd-4422-9ab5-50f4db15eb7d,131,Shoes,False
5d925e47-bc47-4cce-9096-75af190a3428,369,T-Shirt,False
9563f5ad-1243-408a-b8de-c9773232fe4b,181,Not sure,False
1e48d32e-e88a-4435-b06a-c9fb20697647,274,Longsleeve,False
8af49c5b-d565-46fb-aeb7-2a49a73d17b4,309,Longsleeve,False
29e0414f-80ca-432c-a9c0-3427298c245a,154,Hat,False
d69680eb-4fdc-4783-b0d3-3b453f50069b,66,Dress,False
c6047440-2a5c-48d0-9c51-162735f5e368,204,Dress,False
6b779a54-4cdc-4205-ba1f-9597c779a683,221,Dress,False
e15db3d5-25ff-42d2-bde0-6c9547bfff6b,199,Hat,False
1e9db0bb-0f59-44e6-9787-50eaecfd6476,184,T-Shirt,False
110dcf71-51c7-4b18-9a45-5d3dc1fef6d8,204,Shoes,False
b053fb25-f4bd-4a92-b73c-e87fd53cd8d2,291,T-Shirt,False
6dd9f374-da25-4bc8-9bbf-39693da3a266,262,Shirt,False
7e08bfd5-248c-4905-ad23-4c347d16037f,309,Not sure,False
00627a3f-0477-401c-95eb-92642cbe078d,94,Not sure,False
0af4203f-8998-4719-92fe-65c14a6b6093,309,T-Shirt,False
93ee0d8b-f24e-4ee5-a6fa-a11e82d96757,41,Pants,False
d29d1b88-0268-43cb-9674-cde9cb1e4922,262,Outwear,False
a9cd6ecb-525c-478b-9cd9-d3bda76c51d8,48,Shirt,False
a63fce56-c60b-45a5-9bcd-9c44cbe03c65,262,Pants,False
073458fb-ccec-4351-ab5a-dfecaee67715,48,Not sure,False
16fd381e-9da4-493b-aa53-c217eab6bff0,227,Shoes,False
f07a23a2-a16f-4bb1-b8d1-6ba7af4da047,134,Shirt,True
511348fc-832b-4e92-ae84-c7505eb31c8f,204,Longsleeve,True
271e6068-6525-4034-8e7e-cb6007932a18,181,Pants,False
5e944547-5d37-4b1a-a544-64a250377e4d,181,Hat,False
e9a97cee-c85f-4eb9-87fe-9a7de7e94355,166,Dress,False
ad90a331-f35b-49e1-8321-2e916c637f1f,112,T-Shirt,False
d7163666-0cc4-4bf8-b13a-04dee9a2a4f5,260,T-Shirt,False
77f0e079-e833-4ce9-8220-1142e57de747,204,Outwear,False
f60e1573-d7ec-44fa-9926-f230160a309a,319,Longsleeve,False
18e8eae2-79a9-4ec2-87b7-a9f3766e90e4,92,T-Shirt,False
97620b7f-54ba-445a-9817-b39c8684f890,204,Shorts,False
bbb6d814-4f2e-4311-9d53-ff081cb0d5f6,330,Pants,False
0ba71e2a-4941-4c09-952e-e32895840d34,260,Dress,False
414cf5c9-f0eb-4f7e-a20a-7ef77ef2e06f,267,Longsleeve,False
46d65d04-97a1-4bf3-bc3e-67c835a86fbe,322,Longsleeve,False
facbf570-2a46-43cd-b58b-ea03df3e7919,204,Dress,False
972c6621-eb6e-4340-812c-7b89a04a389b,260,T-Shirt,False
e55c3d9f-81f8-4e0c-9882-3a747ed4c676,339,Shorts,False
09cd8fdf-bbe9-4908-8f54-f399bc635c9b,18,T-Shirt,False
87494101-57aa-4ef2-80d5-58d390ec72db,201,Hat,False
bf5d5e96-dcd5-43c8-967a-be341517c6cd,204,Shoes,False
cabd3005-f353-4b1a-8782-a6f298445cfa,204,Shoes,False
f744c13f-1b8f-44ef-a45c-4b8e65771901,245,Shoes,False
4eb4072c-8da5-4667-9cb2-e670ee65bc07,57,Dress,False
